iteration,wma,time_above,walking
1997,0.6458454537,0,0
1996,0.6693295184,0,0
1995,0.67972481,0,0
1994,0.6758021654,0,0
1993,0.6752229096,0,0
1992,0.6839057248,0,0
1991,0.688178757,0,0
1990,0.6950167855,0,0
1989,0.7041838501,0,0
1988,0.7226080749,0,0
1987,0.7164497851,0,0
1986,0.7117754667,0,0
1985,0.7063757533,0,0
1984,0.7003866436,0,0
1983,0.694767502,0,0
1982,0.6892469755,0,0
1981,0.6837257473,0,0
1980,0.6777733256,0,0
1979,0.6745913242,0,0
1978,0.669549271,0,0
1977,0.663630963,0,0
1976,0.6582267908,0,0
1975,0.652448544,0,0
1974,0.646336919,0,0
1973,0.6405588335,0,0
1972,0.6345134077,0,0
1971,0.628684761,0,0
1970,0.6226103242,0,0
1969,0.616513035,0,0
1968,0.6113605759,0,0
1967,0.6063247981,0,0
1966,0.6001324018,0,0
1965,0.5935237535,0,0
1964,0.587347116,0,0
1963,0.5808650583,0,0
1962,0.5755697361,0,0
1961,0.5693878101,0,0
1960,0.5625384734,0,0
1959,0.5553166168,0,0
1958,0.5479124866,0,0
1957,0.5402427012,0,0
1956,0.5320365254,0,0
1955,0.524008709,0,0
1954,0.51553529,0,0
1953,0.5078109481,0,0
1952,0.5050056286,0,0
1951,0.4966774133,0,0
1950,0.5201124652,0,0
1949,0.5250820973,0,0
1948,0.5518477875,0,0
1947,0.573147143,0,0
1946,0.5655139622,0,0
1945,0.5650703852,0,0
1944,0.5590706531,0,0
1943,0.5652737946,0,0
1942,0.5574740866,0,0
1941,0.5527341283,0,0
1940,0.5457323188,0,0
1939,0.549894818,0,0
1938,0.5401192186,0,0
1937,0.5677511446,0,0
1936,0.5590199276,0,0
1935,0.5827870498,0,0
1934,0.6003479594,0,0
1933,0.5930506569,0,0
1932,0.598141811,0,0
1931,0.6135617999,0,0
1930,0.6245120036,0,0
1929,0.6192254168,0,0
1928,0.6255108667,0,0
1927,0.6263624889,0,0
1926,0.6517965413,0,0
1925,0.6445174746,0,0
1924,0.6729268382,0,0
1923,0.6717447458,0,0
1922,0.6824728651,0,0
1921,0.6804514518,0,0
1920,0.6914988506,0,0
1919,0.7136190985,0,0
1918,0.7052885662,0,0
1917,0.702449167,0,0
1916,0.6984529068,0,0
1915,0.6905427164,0,0
1914,0.6818573158,0,0
1913,0.6727908346,0,0
1912,0.6636122972,0,0
1911,0.6544243003,0,0
1910,0.6448198141,0,0
1909,0.6351882473,0,0
1908,0.6257572555,0,0
1907,0.6164988902,0,0
1906,0.6065588178,0,0
1905,0.5984783452,0,0
1904,0.5911438985,0,0
1903,0.581417801,0,0
1902,0.572642538,0,0
1901,0.5619973519,0,0
1900,0.5510479186,0,0
1899,0.5399005515,0,0
1898,0.5285349781,0,0
1897,0.5168274379,0,0
1896,0.5048526482,0,0
1895,0.5023474236,0,0
1894,0.5130563577,0,0
1893,0.5066141812,0,0
1892,0.4947566537,0,0
1891,0.4822164961,0,0
1890,0.4694588685,0,0
1889,0.4563544855,0,0
1888,0.4433371332,0,0
1887,0.4299125016,0,0
1886,0.4178079311,0,0
1885,0.4045384721,0,0
1884,0.3914428423,0,0
1883,0.3779157069,0,0
1882,0.3645207304,0,0
1881,0.3511652309,0,0
1880,0.3374797497,0,0
1879,0.3240953755,0,0
1878,0.3132693672,0,0
1877,0.2999385889,0,0
1876,0.286195369,0,0
1875,0.2722175397,0,0
1874,0.2580494993,0,0
1873,0.2447746208,0,0
1872,0.2317209347,0,0
1871,0.216964559,0,0
1870,0.2022179568,0,0
1869,0.1926000483,0,0
1868,0.1794884918,0,0
1867,0.1649686681,0,0
1866,0.1510079146,0,0
1865,0.1689932842,0,0
1864,0.1842239432,0,0
1863,0.1689749538,0,0
1862,0.1680924407,0,0
1861,0.1750218336,0,0
1860,0.1885677871,0,0
1859,0.1755413431,0,0
1858,0.1598330179,0,0
1857,0.1818354844,0,0
1856,0.2055089704,0,0
1855,0.1984518537,0,0
1854,0.1858345171,0,0
1853,0.2017002765,0,0
1852,0.2254146278,0,0
1851,0.2179523701,0,0
1850,0.2149098611,0,0
1849,0.2134527004,0,0
1848,0.2317672728,0,0
1847,0.2445536805,0,0
1846,0.2442540403,0,0
1845,0.2609912781,0,0
1844,0.278557433,0,0
1843,0.2653134552,0,0
1842,0.2548364056,0,0
1841,0.2610382713,0,0
1840,0.2544410674,0,0
1839,0.2733752354,0,0
1838,0.2705980188,0,0
1837,0.2630785827,0,0
1836,0.256301003,0,0
1835,0.2416132562,0,0
1834,0.261069874,0,0
1833,0.2740720405,0,0
1832,0.2791709076,0,0
1831,0.2770484217,0,0
1830,0.2763338132,0,0
1829,0.2823332278,0,0
1828,0.2781718428,0,0
1827,0.2699917103,0,0
1826,0.2922794205,0,0
1825,0.3109409474,0,0
1824,0.3119566691,0,0
1823,0.3048069304,0,0
1822,0.3063265908,0,0
1821,0.2989262341,0,0
1820,0.2878699485,0,0
1819,0.2752879811,0,0
1818,0.2643545917,0,0
1817,0.2535949077,0,0
1816,0.2437211653,0,0
1815,0.2390314216,0,0
1814,0.2260405333,0,0
1813,0.2163478771,0,0
1812,0.2132301824,0,0
1811,0.208110762,0,0
1810,0.1928004536,0,0
1809,0.1780769963,0,0
1808,0.1625311933,0,0
1807,0.1559655222,0,0
1806,0.1654549896,0,0
1805,0.1593510248,0,0
1804,0.1782455113,0,0
1803,0.1652370688,0,0
1802,0.1743789045,0,0
1801,0.1674778102,0,0
1800,0.1865437016,0,0
1799,0.1996990573,0,0
1798,0.2039072732,0,0
1797,0.2180933977,0,0
1796,0.2409435356,0,0
1795,0.2291562705,0,0
1794,0.2217238746,0,0
1793,0.2387963961,0,0
1792,0.2366114031,0,0
1791,0.2558057413,0,0
1790,0.2724012871,0,0
1789,0.2799851174,0,0
1788,0.2999075602,0,0
1787,0.2869143873,0,0
1786,0.2746704182,0,0
1785,0.2607103124,0,0
1784,0.2514966362,0,0
1783,0.2409646454,0,0
1782,0.2307324243,0,0
1781,0.2165491017,0,0
1780,0.2306874305,0,0
1779,0.2352792281,0,0
1778,0.2247779221,0,0
1777,0.2275452699,0,0
1776,0.2134365182,0,0
1775,0.2000847182,0,0
1774,0.2210987191,0,0
1773,0.2092125821,0,0
1772,0.2234953836,0,0
1771,0.2303193578,0,0
1770,0.2556929297,0,0
1769,0.2459112189,0,0
1768,0.2489059724,0,0
1767,0.2509330989,0,0
1766,0.2674599501,0,0
1765,0.259213358,0,0
1764,0.2747735683,0,0
1763,0.2613685889,0,0
1762,0.2484131327,0,0
1761,0.2731265064,0,0
1760,0.279267251,0,0
1759,0.2698997194,0,0
1758,0.2827225406,0,0
1757,0.2898157286,0,0
1756,0.3028263283,0,0
1755,0.2908084079,0,0
1754,0.3085315585,0,0
1753,0.3329276448,0,0
1752,0.3226160992,0,0
1751,0.3332959964,0,0
1750,0.3545264932,0,0
1749,0.3408369593,0,0
1748,0.3358355596,0,0
1747,0.3618369662,0,0
1746,0.3720930651,0,0
1745,0.3603915985,0,0
1744,0.3553009259,0,0
1743,0.3617448239,0,0
1742,0.3816117304,0,0
1741,0.3761374702,0,0
1740,0.3636847427,0,0
1739,0.3511155103,0,0
1738,0.3408061184,0,0
1737,0.3287704311,0,0
1736,0.3140253856,0,0
1735,0.3026518205,0,0
1734,0.2885538339,0,0
1733,0.2742612638,0,0
1732,0.2648453626,0,0
1731,0.2804010187,0,0
1730,0.3009913415,0,0
1729,0.2889171635,0,0
1728,0.295463874,0,0
1727,0.2853893503,0,0
1726,0.2716648047,0,0
1725,0.267172381,0,0
1724,0.2583229035,0,0
1723,0.2692183374,0,0
1722,0.2721457998,0,0
1721,0.2607235398,0,0
1720,0.2693826725,0,0
1719,0.2632584903,0,0
1718,0.2771870107,0,0
1717,0.2765369737,0,0
1716,0.2793417219,0,0
1715,0.2699090738,0,0
1714,0.2813913567,0,0
1713,0.2684144486,0,0
1712,0.2663772654,0,0
1711,0.2550894532,0,0
1710,0.2795547662,0,0
1709,0.2957100099,0,0
1708,0.3072040559,0,0
1707,0.3043464247,0,0
1706,0.2918178412,0,0
1705,0.2778062783,0,0
1704,0.2956337417,0,0
1703,0.3052532304,0,0
1702,0.2941809586,0,0
1701,0.2824367473,0,0
1700,0.2846537371,0,0
1699,0.29885115,0,0
1698,0.2986473458,0,0
1697,0.2969305685,0,0
1696,0.3065862691,0,0
1695,0.2953254783,0,0
1694,0.2836327959,0,0
1693,0.2828281146,0,0
1692,0.29738831,0,0
1691,0.2889903632,0,0
1690,0.2876223709,0,0
1689,0.2843812166,0,0
1688,0.2819822672,0,0
1687,0.2726033467,0,0
1686,0.2667595601,0,0
1685,0.2570680479,0,0
1684,0.2450700442,0,0
1683,0.2330555032,0,0
1682,0.2567046026,0,0
1681,0.2476476076,0,0
1680,0.2390910821,0,0
1679,0.2271610591,0,0
1678,0.237054248,0,0
1677,0.2388349952,0,0
1676,0.2539743263,0,0
1675,0.2480749763,0,0
1674,0.2747000871,0,0
1673,0.2647625443,0,0
1672,0.2572361548,0,0
1671,0.2616108904,0,0
1670,0.2865028191,0,0
1669,0.3053071823,0,0
1668,0.3160456538,0,0
1667,0.3138455186,0,0
1666,0.3334526434,0,0
1665,0.3369961471,0,0
1664,0.328977142,0,0
1663,0.3396772984,0,0
1662,0.34529771,0,0
1661,0.3546012006,0,0
1660,0.3553694767,0,0
1659,0.3686300498,0,0
1658,0.3697529209,0,0
1657,0.3830222602,0,0
1656,0.3777217834,0,0
1655,0.3974519672,0,0
1654,0.389827824,0,0
1653,0.4158452737,0,0
1652,0.4195944372,0,0
1651,0.4491179364,0,0
1650,0.4458108219,0,0
1649,0.4622965696,0,0
1648,0.4704904745,0,0
1647,0.4753726772,0,0
1646,0.5005514191,0,0
1645,0.5070386035,0,0
1644,0.5134501877,0,0
1643,0.5168010693,0,0
1642,0.5312946289,0,0
1641,0.559750801,0,0
1640,0.5554182811,0,0
1639,0.5850154064,0,0
1638,0.5819144675,0,0
1637,0.6136418522,0,0
1636,0.6324179988,0,0
1635,0.6339206086,0,0
1634,0.642844063,0,0
1633,0.6688227965,0,0
1632,0.6676630536,0,0
1631,0.6758263862,0,0
1630,0.6853418146,0,0
1629,0.7173223913,0,0
1628,0.7168415726,0,0
1627,0.7220652672,0,0
1626,0.7213492727,0,0
1625,0.717792043,0,0
1624,0.7449339656,0,0
1623,0.7437916634,0,0
1622,0.7425736545,0,0
1621,0.7524924244,0,0
1620,0.7579827409,0,0
1619,0.7798581838,0,0
1618,0.7784403357,0,0
1617,0.7989579233,0,0
1616,0.7973185895,0,0
1615,0.8136465503,0.48,0
1614,0.8451089404,0.47,0
1613,0.8443597209,0.46,0
1612,0.8663547638,0.45,0
1611,0.8636974655,0.44,0
1610,0.8772980785,0.43,0
1609,0.8797016076,0.42,0
1608,0.8830221446,0.41,0
1607,0.8830289441,0.4,0
1606,0.8812912446,0.39,0
1605,0.877765226,0.38,0
1604,0.8743892408,0.37,0
1603,0.8708829669,0.36,0
1602,0.8671432595,0.35,0
1601,0.8633992289,0.34,0
1600,0.8597680385,0.33,0
1599,0.8560024555,0.32,0
1598,0.8522552597,0.31,0
1597,0.8490715613,0.3,0
1596,0.8466239322,0.29,0
1595,0.8441413435,0.28,0
1594,0.8416343714,0.27,0
1593,0.8373048445,0.26,0
1592,0.8328157284,0.25,0
1591,0.8282943941,0.24,0
1590,0.823391037,0.23,0
1589,0.8181597474,0.22,0
1588,0.8134689814,0.21,0
1587,0.8228328698,0.2,0
1586,0.8365826754,0.19,0
1585,0.8316940957,0.18,0
1584,0.8596049797,0.17,0
1583,0.8546374138,0.16,0
1582,0.8518459788,0.15,0
1581,0.8474538029,0.14,0
1580,0.8441993062,0.13,0
1579,0.8434144643,0.12,0
1578,0.8414915108,0.11,0
1577,0.8387223294,0.1,0
1576,0.8341499169,0.09,0
1575,0.8294705489,0.08,0
1574,0.8247321703,0.07,0
1573,0.8202455808,0.06,0
1572,0.8171234474,0.05,0
1571,0.8151270223,0.04,0
1570,0.8101967005,0.03,0
1569,0.8054837036,0.02,0
1568,0.8006493219,0.01,0
1567,0.7969542724,0,0
1566,0.7935741736,0,0
1565,0.7890570461,0,0
1564,0.7845036705,0,0
1563,0.7795196992,0,0
1562,0.7744344159,0,0
1561,0.7692038294,0,0
1560,0.7639061657,0,0
1559,0.7585739044,0,0
1558,0.7532232868,0,0
1557,0.7478160996,0,0
1556,0.7435832433,0,0
1555,0.7416599162,0,0
1554,0.7368530019,0,0
1553,0.7351249178,0,0
1552,0.7297802403,0,0
1551,0.725327831,0,0
1550,0.7197033172,0,0
1549,0.7139136622,0,0
1548,0.7086360117,0,0
1547,0.7033287548,0,0
1546,0.697444723,0,0
1545,0.6925607035,0,0
1544,0.6880633276,0,0
1543,0.6899395389,0,0
1542,0.6847564585,0,0
1541,0.6850869701,0,0
1540,0.6794306315,0,0
1539,0.6738574719,0,0
1538,0.6686868641,0,0
1537,0.6641112095,0,0
1536,0.6583265157,0,0
1535,0.654418464,0,0
1534,0.6496353562,0,0
1533,0.6440437332,0,0
1532,0.6397312672,0,0
1531,0.6361282648,0,0
1530,0.6439346374,0,0
1529,0.6395790601,0,0
1528,0.6339965826,0,0
1527,0.630830069,0,0
1526,0.625212403,0,0
1525,0.6195373848,0,0
1524,0.6152640133,0,0
1523,0.6268554549,0,0
1522,0.6265900437,0,0
1521,0.6252180675,0,0
1520,0.6500540859,0,0
1519,0.6464443053,0,0
1518,0.6618919011,0,0
1517,0.6579783892,0,0
1516,0.6792930237,0,0
1515,0.6735289049,0,0
1514,0.6769365548,0,0
1513,0.6786127581,0,0
1512,0.6870838995,0,0
1511,0.6981089044,0,0
1510,0.7060165101,0,0
1509,0.7046415965,0,0
1508,0.7123793467,0,0
1507,0.713348203,0,0
1506,0.7102935851,0,0
1505,0.7055508726,0,0
1504,0.7064301767,0,0
1503,0.7029674178,0,0
1502,0.7021363331,0,0
1501,0.6960326694,0,0
1500,0.6938515671,0,0
1499,0.6875510234,0,0
1498,0.6838776861,0,0
1497,0.6856750769,0,0
1496,0.6819259432,0,0
1495,0.6828816224,0,0
1494,0.7049619266,0,0
1493,0.7346845244,0,0
1492,0.747835907,0,0
1491,0.7429933993,0,0
1490,0.7636905191,0,0
1489,0.7845537519,0,0
1488,0.7932574721,0,0
1487,0.7965533162,0,0
1486,0.7910355225,0,0
1485,0.7947624109,0,0
1484,0.7941378125,0,0
1483,0.7890704403,0,0
1482,0.7828102798,0,0
1481,0.7773142573,0,0
1480,0.7702307903,0,0
1479,0.7630954493,0,0
1478,0.7556085383,0,0
1477,0.7484052833,0,0
1476,0.7438505857,0,0
1475,0.7383208642,0,0
1474,0.7308064202,0,0
1473,0.7229328974,0,0
1472,0.7147035444,0,0
1471,0.7064151526,0,0
1470,0.6981702603,0,0
1469,0.6896085987,0,0
1468,0.6821817871,0,0
1467,0.6740092157,0,0
1466,0.665748977,0,0
1465,0.6579659093,0,0
1464,0.6735476577,0,0
1463,0.6666023921,0,0
1462,0.6589132488,0,0
1461,0.653562871,0,0
1460,0.656275239,0,0
1459,0.6515831249,0,0
1458,0.6500275212,0,0
1457,0.6414939373,0,0
1456,0.6318135574,0,0
1455,0.6218463454,0,0
1454,0.6118361657,0,0
1453,0.6017186526,0,0
1452,0.5947954677,0,0
1451,0.5906929988,0,0
1450,0.617017977,0,0
1449,0.6080221738,0,0
1448,0.5976760372,0,0
1447,0.5866589752,0,0
1446,0.5761685911,0,0
1445,0.5648425045,0,0
1444,0.5543938517,0,0
1443,0.5430089805,0,0
1442,0.5319522199,0,0
1441,0.5197482513,0,0
1440,0.5070063099,0,0
1439,0.4942831213,0,0
1438,0.4814830719,0,0
1437,0.4696372384,0,0
1436,0.4575941745,0,0
1435,0.4446626377,0,0
1434,0.4321979016,0,0
1433,0.4194061078,0,0
1432,0.4059568377,0,0
1431,0.3927727547,0,0
1430,0.3794450986,0,0
1429,0.3664763753,0,0
1428,0.3574808043,0,0
1427,0.3438518,0,0
1426,0.3307811232,0,0
1425,0.3262166382,0,0
1424,0.3112808276,0,0
1423,0.3014416127,0,0
1422,0.2898983556,0,0
1421,0.3025376943,0,0
1420,0.324326456,0,0
1419,0.3131660527,0,0
1418,0.3029260548,0,0
1417,0.2979169245,0,0
1416,0.2960555267,0,0
1415,0.2988092357,0,0
1414,0.3036272268,0,0
1413,0.303619171,0,0
1412,0.3004395588,0,0
1411,0.3126824545,0,0
1410,0.303360102,0,0
1409,0.2965114424,0,0
1408,0.2882146127,0,0
1407,0.2773049015,0,0
1406,0.2673504427,0,0
1405,0.2709780443,0,0
1404,0.2593276478,0,0
1403,0.2576471946,0,0
1402,0.2453215092,0,0
1401,0.2456140893,0,0
1400,0.2355095451,0,0
1399,0.2287295785,0,0
1398,0.217516206,0,0
1397,0.215294987,0,0
1396,0.2049566165,0,0
1395,0.2243612755,0,0
1394,0.2112080561,0,0
1393,0.2013485168,0,0
1392,0.2086198943,0,0
1391,0.2087427918,0,0
1390,0.2126197395,0,0
1389,0.2080378219,0,0
1388,0.2050235664,0,0
1387,0.2277636254,0,0
1386,0.2156361215,0,0
1385,0.2085275048,0,0
1384,0.2214891155,0,0
1383,0.2428409099,0,0
1382,0.231982153,0,0
1381,0.2210283329,0,0
1380,0.2434072577,0,0
1379,0.2353404338,0,0
1378,0.2503085996,0,0
1377,0.239366136,0,0
1376,0.257490858,0,0
1375,0.2448972721,0,0
1374,0.2305429074,0,0
1373,0.2446153165,0,0
1372,0.2332326694,0,0
1371,0.234650771,0,0
1370,0.2227039163,0,0
1369,0.233772076,0,0
1368,0.2217298504,0,0
1367,0.2075761051,0,0
1366,0.1968504505,0,0
1365,0.18725359,0,0
1364,0.1712796162,0,0
1363,0.1596884058,0,0
1362,0.1713520906,0,0
1361,0.1637925818,0,0
1360,0.1865447796,0,0
1359,0.1965837601,0,0
1358,0.1814110146,0,0
1357,0.1902816153,0,0
1356,0.205220571,0,0
1355,0.2120198468,0,0
1354,0.2140493642,0,0
1353,0.21745875,0,0
1352,0.2208760959,0,0
1351,0.238010422,0,0
1350,0.2425200392,0,0
1349,0.2561430958,0,0
1348,0.2654458911,0,0
1347,0.2721153394,0,0
1346,0.2930125724,0,0
1345,0.2795820602,0,0
1344,0.2988005982,0,0
1343,0.286236435,0,0
1342,0.3067637664,0,0
1341,0.3242125458,0,0
1340,0.3344049681,0,0
1339,0.3377156728,0,0
1338,0.3397779624,0,0
1337,0.3394665376,0,0
1336,0.3581523466,0,0
1335,0.3459308614,0,0
1334,0.3551306766,0,0
1333,0.3470043229,0,0
1332,0.3361345908,0,0
1331,0.3617840706,0,0
1330,0.3820358279,0,0
1329,0.3830293903,0,0
1328,0.3898902451,0,0
1327,0.3848890502,0,0
1326,0.3940336811,0,0
1325,0.3976638542,0,0
1324,0.3997349831,0,0
1323,0.4114012784,0,0
1322,0.4098762486,0,0
1321,0.4113055463,0,0
1320,0.4035395825,0,0
1319,0.3936129455,0,0
1318,0.3848428086,0,0
1317,0.3751924904,0,0
1316,0.3648269016,0,0
1315,0.3654953364,0,0
1314,0.3556093809,0,0
1313,0.3507082243,0,0
1312,0.3405154371,0,0
1311,0.3349090509,0,0
1310,0.3379276271,0,0
1309,0.3491222634,0,0
1308,0.3415420229,0,0
1307,0.3327553358,0,0
1306,0.3265849858,0,0
1305,0.3205832388,0,0
1304,0.3108799385,0,0
1303,0.3268236239,0,0
1302,0.3434137081,0,0
1301,0.3439508606,0,0
1300,0.3530485574,0,0
1299,0.3622111499,0,0
1298,0.3846217596,0,0
1297,0.377786882,0,0
1296,0.3788073153,0,0
1295,0.3780575742,0,0
1294,0.388419606,0,0
1293,0.4113444785,0,0
1292,0.417583855,0,0
1291,0.4118437128,0,0
1290,0.4328858863,0,0
1289,0.4362252603,0,0
1288,0.4378054196,0,0
1287,0.4460967183,0,0
1286,0.4552613259,0,0
1285,0.4652227937,0,0
1284,0.4810681453,0,0
1283,0.4920643041,0,0
1282,0.5244371026,0,0
1281,0.5540425376,0,0
1280,0.5662187542,0,0
1279,0.5675312132,0,0
1278,0.5622623397,0,0
1277,0.577667586,0,0
1276,0.5900478805,0,0
1275,0.5838136116,0,0
1274,0.614953041,0,0
1273,0.6294481209,0,0
1272,0.6419006721,0,0
1271,0.6634200493,0,0
1270,0.6944038036,0,0
1269,0.701704151,0,0
1268,0.7161757723,0,0
1267,0.7161691461,0,0
1266,0.7391944388,0,0
1265,0.7334642813,0,0
1264,0.7434229624,0,0
1263,0.7441473966,0,0
1262,0.7493659312,0,0
1261,0.7434585613,0,0
1260,0.7579128116,0,0
1259,0.7522979569,0,0
1258,0.7476146202,0,0
1257,0.7414244419,0,0
1256,0.7350436659,0,0
1255,0.731504226,0,0
1254,0.7374779461,0,0
1253,0.7445055737,0,0
1252,0.7384052484,0,0
1251,0.733765837,0,0
1250,0.750167916,0,0
1249,0.7557791381,0,0
1248,0.749372151,0,0
1247,0.7622413919,0,0
1246,0.7583400981,0,0
1245,0.7582890825,0,0
1244,0.7570168484,0,0
1243,0.7548162884,0,0
1242,0.7499524005,0,0
1241,0.762386674,0,0
1240,0.7819794329,0,0
1239,0.7903107528,0,0
1238,0.8193568023,0.06,0
1237,0.8179981103,0.05,0
1236,0.8184422541,0.04,0
1235,0.8123137772,0.03,0
1234,0.8074130237,0.02,0
1233,0.8013483573,0.01,0
1232,0.795065125,0,0
1231,0.788819798,0,0
1230,0.7823645159,0,0
1229,0.7765402107,0,0
1228,0.7700890292,0,0
1227,0.7633125533,0,0
1226,0.7569186836,0,0
1225,0.7509517842,0,0
1224,0.7448073494,0,0
1223,0.738656435,0,0
1222,0.7323717345,0,0
1221,0.7252870058,0,0
1220,0.717858993,0,0
1219,0.7099610118,0,0
1218,0.7019848421,0,0
1217,0.6940802033,0,0
1216,0.6860906018,0,0
1215,0.6780245475,0,0
1214,0.670365707,0,0
1213,0.6621044801,0,0
1212,0.6539373839,0,0
1211,0.6462317122,0,0
1210,0.6375031429,0,0
1209,0.6305452917,0,0
1208,0.6218779228,0,0
1207,0.6130131632,0,0
1206,0.6047788159,0,0
1205,0.5956870053,0,0
1204,0.5868245782,0,0
1203,0.5775220895,0,0
1202,0.5684276804,0,0
1201,0.5590275101,0,0
1200,0.5498949887,0,0
1199,0.5397173973,0,0
1198,0.5312788719,0,0
1197,0.5215435516,0,0
1196,0.5115910945,0,0
1195,0.5009890924,0,0
1194,0.4908116199,0,0
1193,0.4803695652,0,0
1192,0.4694469227,0,0
1191,0.4594930098,0,0
1190,0.4485437431,0,0
1189,0.4392895143,0,0
1188,0.4295861506,0,0
1187,0.4181949719,0,0
1186,0.4071612701,0,0
1185,0.3956263468,0,0
1184,0.3842103389,0,0
1183,0.3738546783,0,0
1182,0.3630587583,0,0
1181,0.3565933475,0,0
1180,0.3822891632,0,0
1179,0.4015095305,0,0
1178,0.3950071657,0,0
1177,0.4093213751,0,0
1176,0.4153852368,0,0
1175,0.4389765871,0,0
1174,0.4302662332,0,0
1173,0.4587856072,0,0
1172,0.448300649,0,0
1171,0.4755745541,0,0
1170,0.4879786425,0,0
1169,0.5097920164,0,0
1168,0.5048552504,0,0
1167,0.5079740876,0,0
1166,0.5113915896,0,0
1165,0.5079919816,0,0
1164,0.500830769,0,0
1163,0.4930189289,0,0
1162,0.5000862924,0,0
1161,0.5022737674,0,0
1160,0.4973167808,0,0
1159,0.4901997434,0,0
1158,0.4957064193,0,0
1157,0.5120332441,0,0
1156,0.5104094312,0,0
1155,0.5050741886,0,0
1154,0.499132462,0,0
1153,0.4971417558,0,0
1152,0.4877481096,0,0
1151,0.482754934,0,0
1150,0.4732024677,0,0
1149,0.4964107389,0,0
1148,0.4917340449,0,0
1147,0.483465835,0,0
1146,0.4740913184,0,0
1145,0.4650770455,0,0
1144,0.458594425,0,0
1143,0.453606667,0,0
1142,0.4451334322,0,0
1141,0.4726609511,0,0
1140,0.4668339335,0,0
1139,0.4574390557,0,0
1138,0.4868717634,0,0
1137,0.4781454513,0,0
1136,0.5083312191,0,0
1135,0.500203227,0,0
1134,0.4986006967,0,0
1133,0.4899182811,0,0
1132,0.482972591,0,0
1131,0.4816513836,0,0
1130,0.4739292769,0,0
1129,0.4674647653,0,0
1128,0.4777431715,0,0
1127,0.4861221952,0,0
1126,0.485680826,0,0
1125,0.4772673259,0,0
1124,0.4940710672,0,0
1123,0.4888965188,0,0
1122,0.4813400063,0,0
1121,0.5013823833,0,0
1120,0.5112201042,0,0
1119,0.5398328878,0,0
1118,0.5359830004,0,0
1117,0.5307244427,0,0
1116,0.5270996147,0,0
1115,0.543082806,0,0
1114,0.5397799945,0,0
1113,0.5512657754,0,0
1112,0.5632417087,0,0
1111,0.5669039405,0,0
1110,0.560466433,0,0
1109,0.5546281451,0,0
1108,0.5543933431,0,0
1107,0.547194977,0,0
1106,0.5580475128,0,0
1105,0.5526034465,0,0
1104,0.5587381982,0,0
1103,0.5763312295,0,0
1102,0.5847639584,0,0
1101,0.5869309965,0,0
1100,0.5963641032,0,0
1099,0.625473606,0,0
1098,0.6567069648,0,0
1097,0.6511376225,0,0
1096,0.6514542667,0,0
1095,0.6498239041,0,0
1094,0.6438797152,0,0
1093,0.6707671889,0,0
1092,0.6914240849,0,0
1091,0.685893043,0,0
1090,0.6873079637,0,0
1089,0.6972049016,0,0
1088,0.6978578196,0,0
1087,0.6923640352,0,0
1086,0.6866400779,0,0
1085,0.6832359582,0,0
1084,0.6812036662,0,0
1083,0.6848363052,0,0
1082,0.6885451573,0,0
1081,0.6853458859,0,0
1080,0.6797731632,0,0
1079,0.6740975187,0,0
1078,0.6692604822,0,0
1077,0.6753171628,0,0
1076,0.6788242476,0,0
1075,0.6839899798,0,0
1074,0.678514119,0,0
1073,0.6770793522,0,0
1072,0.7088436952,0,0
1071,0.7174915236,0,0
1070,0.7198383052,0,0
1069,0.7204349635,0,0
1068,0.7186462785,0,0
1067,0.7160352993,0,0
1066,0.7113047909,0,0
1065,0.714501172,0,0
1064,0.7126597411,0,0
1063,0.7081877873,0,0
1062,0.7050123891,0,0
1061,0.7003172953,0,0
1060,0.6958096654,0,0
1059,0.6916202829,0,0
1058,0.6881493593,0,0
1057,0.6933949694,0,0
1056,0.6969615571,0,0
1055,0.6935642174,0,0
1054,0.7029230156,0,0
1053,0.7291612772,0,0
1052,0.7372808944,0,0
1051,0.7542297266,0,0
1050,0.750246929,0,0
1049,0.7765191913,0,0
1048,0.772440627,0,0
1047,0.7724012307,0,0
1046,0.7774317372,0,0
1045,0.7759704116,0,0
1044,0.7722230961,0,0
1043,0.7693979909,0,0
1042,0.7680076357,0,0
1041,0.7640948679,0,0
1040,0.7724922361,0,0
1039,0.7825243544,0,0
1038,0.7791788579,0,0
1037,0.7992055002,0,0
1036,0.7971631945,0,0
1035,0.7988482475,0,0
1034,0.7972460465,0,0
1033,0.7937269589,0,0
1032,0.7960664405,0,0
1031,0.7930044935,0,0
1030,0.7895670642,0,0
1029,0.7861940648,0,0
1028,0.7828677062,0,0
1027,0.7820080217,0,0
1026,0.7786652135,0,0
1025,0.7751898009,0,0
1024,0.7714488627,0,0
1023,0.7704500739,0,0
1022,0.7681461943,0,0
1021,0.7681014373,0,0
1020,0.771830721,0,0
1019,0.7691846994,0,0
1018,0.7951639451,0,0
1017,0.7925524874,0,0
1016,0.7900873221,0,0
1015,0.8045984137,0.02,0
1014,0.802496264,0.01,0
1013,0.7993494356,0,1
1012,0.8038697252,8.1,1
1011,0.8125908565,8.09,1
1010,0.8098089497,8.08,1
1009,0.806840608,8.07,1
1008,0.8049137998,8.06,1
1007,0.8058367766,8.05,1
1006,0.8100464192,8.04,1
1005,0.8093331951,8.03,1
1004,0.8062397979,8.02,1
1003,0.8073529962,8.01,1
1002,0.8115027621,8,1
1001,0.8129258543,7.99,1
1000,0.8193653256,7.98,1
999,0.8182296833,7.97,1
998,0.8158129895,7.96,1
997,0.8255764786,7.95,1
996,0.8519911205,7.94,1
995,0.8783618872,7.93,1
994,0.878010468,7.92,1
993,0.8762286226,7.91,1
992,0.8739708678,7.9,1
991,0.8785067183,7.89,1
990,0.8855533328,7.88,1
989,0.8832967838,7.87,1
988,0.8816367986,7.86,1
987,0.8808760961,7.85,1
986,0.8791662718,7.84,1
985,0.8768732007,7.83,1
984,0.8746277879,7.82,1
983,0.8735705518,7.81,1
982,0.8751458214,7.8,1
981,0.8784899017,7.79,1
980,0.8776924773,7.78,1
979,0.8772634771,7.77,1
978,0.8749818275,7.76,1
977,0.879015166,7.75,1
976,0.8788139483,7.74,1
975,0.878427532,7.73,1
974,0.8795208832,7.72,1
973,0.8776795681,7.71,1
972,0.8895384184,7.7,1
971,0.8893666297,7.69,1
970,0.8869342471,7.68,1
969,0.8844860656,7.67,1
968,0.8839371853,7.66,1
967,0.8884854052,7.65,1
966,0.8870172603,7.64,1
965,0.8880918288,7.63,1
964,0.8860992763,7.62,1
963,0.8838091571,7.61,1
962,0.8817042478,7.6,1
961,0.8827778262,7.59,1
960,0.8805726674,7.58,1
959,0.8782854161,7.57,1
958,0.878035443,7.56,1
957,0.8759419549,7.55,1
956,0.8774545462,7.54,1
955,0.8755929674,7.53,1
954,0.8768881052,7.52,1
953,0.8769145279,7.51,1
952,0.8773805748,7.5,1
951,0.8841897665,7.49,1
950,0.8824156479,7.48,1
949,0.8800035855,7.47,1
948,0.8825001896,7.46,1
947,0.880945582,7.45,1
946,0.8789683755,7.44,1
945,0.8764393492,7.43,1
944,0.8776634392,7.42,1
943,0.8768872633,7.41,1
942,0.8744000246,7.4,1
941,0.8783050718,7.39,1
940,0.8763967871,7.38,1
939,0.8754838817,7.37,1
938,0.8738599487,7.36,1
937,0.8724233249,7.35,1
936,0.8699182191,7.34,1
935,0.8691094089,7.33,1
934,0.8680846053,7.32,1
933,0.8668440769,7.31,1
932,0.8662854162,7.3,1
931,0.8686199269,7.29,1
930,0.8666264316,7.28,1
929,0.8640864157,7.27,1
928,0.8815141946,7.26,1
927,0.8835959695,7.25,1
926,0.8815260664,7.24,1
925,0.8797594594,7.23,1
924,0.879719102,7.22,1
923,0.8777592746,7.21,1
922,0.8752618836,7.2,1
921,0.8736124182,7.19,1
920,0.8742408682,7.18,1
919,0.8723671898,7.17,1
918,0.8701246429,7.16,1
917,0.8696463496,7.15,1
916,0.8694556196,7.14,1
915,0.8674127237,7.13,1
914,0.8659514624,7.12,1
913,0.8643693394,7.11,1
912,0.862248167,7.1,1
911,0.8602535892,7.09,1
910,0.8603956147,7.08,1
909,0.8583626847,7.07,1
908,0.8584435542,7.06,1
907,0.8569294014,7.05,1
906,0.8556765643,7.04,1
905,0.864826884,7.03,1
904,0.8720671705,7.02,1
903,0.8700377869,7.01,1
902,0.8674461518,7,1
901,0.8655592518,6.99,1
900,0.8654605622,6.98,1
899,0.8657187363,6.97,1
898,0.8637880727,6.96,1
897,0.8610371585,6.95,1
896,0.8589561066,6.94,1
895,0.8753085358,6.93,1
894,0.8728210108,6.92,1
893,0.8706960991,6.91,1
892,0.8698986512,6.9,1
891,0.8691933942,6.89,1
890,0.8665424653,6.88,1
889,0.8642116099,6.87,1
888,0.8615596588,6.86,1
887,0.8592260864,6.85,1
886,0.857100414,6.84,1
885,0.860701586,6.83,1
884,0.8632893812,6.82,1
883,0.8612780549,6.81,1
882,0.861342045,6.8,1
881,0.8623418714,6.79,1
880,0.8602010916,6.78,1
879,0.8584746184,6.77,1
878,0.856204687,6.76,1
877,0.8563561202,6.75,1
876,0.857565333,6.74,1
875,0.8558443326,6.73,1
874,0.8534567201,6.72,1
873,0.8509534335,6.71,1
872,0.8491052103,6.7,1
871,0.8769682292,6.69,1
870,0.8755836147,6.68,1
869,0.8759745998,6.67,1
868,0.8740439402,6.66,1
867,0.8715716795,6.65,1
866,0.869169776,6.64,1
865,0.8673839211,6.63,1
864,0.8650165102,6.62,1
863,0.8637344157,6.61,1
862,0.8631622974,6.6,1
861,0.8695296925,6.59,1
860,0.8673637888,6.58,1
859,0.8776587106,6.57,1
858,0.8762473911,6.56,1
857,0.8840522324,6.55,1
856,0.8885457778,6.54,1
855,0.8862033213,6.53,1
854,0.8841938804,6.52,1
853,0.8817757111,6.51,1
852,0.8794105941,6.5,1
851,0.8771099737,6.49,1
850,0.8742034974,6.48,1
849,0.872245364,6.47,1
848,0.8714258846,6.46,1
847,0.8738841818,6.45,1
846,0.8710124642,6.44,1
845,0.8687467643,6.43,1
844,0.8665215771,6.42,1
843,0.8634543885,6.41,1
842,0.8606545116,6.4,1
841,0.8584141828,6.39,1
840,0.8553471157,6.38,1
839,0.8527731334,6.37,1
838,0.8512610571,6.36,1
837,0.8487212479,6.35,1
836,0.8517070758,6.34,1
835,0.84903436,6.33,1
834,0.8462267042,6.32,1
833,0.8438207879,6.31,1
832,0.8484163494,6.3,1
831,0.8463556579,6.29,1
830,0.843398253,6.28,1
829,0.8452366015,6.27,1
828,0.8550520921,6.26,1
827,0.85293033,6.25,1
826,0.851173159,6.24,1
825,0.8486392353,6.23,1
824,0.8511858056,6.22,1
823,0.8488821957,6.21,1
822,0.8477677821,6.2,1
821,0.8454353962,6.19,1
820,0.842549514,6.18,1
819,0.8398074645,6.17,1
818,0.8379605759,6.16,1
817,0.8356955319,6.15,1
816,0.8328960482,6.14,1
815,0.8346720738,6.13,1
814,0.8394172118,6.12,1
813,0.836617889,6.11,1
812,0.8429185889,6.1,1
811,0.8506767206,6.09,1
810,0.8613191011,6.08,1
809,0.8598107868,6.07,1
808,0.8575508689,6.06,1
807,0.85530156,6.05,1
806,0.8527389983,6.04,1
805,0.8528749112,6.03,1
804,0.8512374174,6.02,1
803,0.8497080977,6.01,1
802,0.8471681031,6,1
801,0.8654295182,5.99,1
800,0.8712768772,5.98,1
799,0.869140372,5.97,1
798,0.866993121,5.96,1
797,0.8653042903,5.95,1
796,0.8676285983,5.94,1
795,0.8658116447,5.93,1
794,0.8659887884,5.92,1
793,0.8645485318,5.91,1
792,0.8625317997,5.9,1
791,0.8612517149,5.89,1
790,0.8592189432,5.88,1
789,0.8588072208,5.87,1
788,0.856563528,5.86,1
787,0.8558905153,5.85,1
786,0.8659019948,5.84,1
785,0.8649494684,5.83,1
784,0.863366567,5.82,1
783,0.8676350237,5.81,1
782,0.865342732,5.8,1
781,0.8672366939,5.79,1
780,0.8662198459,5.78,1
779,0.8650077868,5.77,1
778,0.8640094644,5.76,1
777,0.8662811166,5.75,1
776,0.8690751211,5.74,1
775,0.8672665266,5.73,1
774,0.8650488205,5.72,1
773,0.8628827118,5.71,1
772,0.8606389568,5.7,1
771,0.8587831578,5.69,1
770,0.8565173997,5.68,1
769,0.8562957663,5.67,1
768,0.8543847944,5.66,1
767,0.8552078038,5.65,1
766,0.856482909,5.64,1
765,0.8563913191,5.63,1
764,0.8545750024,5.62,1
763,0.8528608666,5.61,1
762,0.8507363243,5.6,1
761,0.8484130217,5.59,1
760,0.84939094,5.58,1
759,0.8514359752,5.57,1
758,0.8521204008,5.56,1
757,0.8537216403,5.55,1
756,0.85182973,5.54,1
755,0.8624886176,5.53,1
754,0.8971862065,5.52,1
753,0.9214533774,5.51,1
752,0.922052988,5.5,1
751,0.9212615735,5.49,1
750,0.9198681909,5.48,1
749,0.9198968895,5.47,1
748,0.9190233616,5.46,1
747,0.9182162784,5.45,1
746,0.9174684691,5.44,1
745,0.9162398181,5.43,1
744,0.9202441207,5.42,1
743,0.9249064255,5.41,1
742,0.9244969727,5.4,1
741,0.9238377698,5.39,1
740,0.9227161586,5.38,1
739,0.9212758683,5.37,1
738,0.9194633847,5.36,1
737,0.9244309146,5.35,1
736,0.924314097,5.34,1
735,0.9251452049,5.33,1
734,0.9312077465,5.32,1
733,0.9352468118,5.31,1
732,0.9339716836,5.3,1
731,0.9328696646,5.29,1
730,0.9321298207,5.28,1
729,0.9308316457,5.27,1
728,0.9292771327,5.26,1
727,0.92818175,5.25,1
726,0.9265655427,5.24,1
725,0.9250287185,5.23,1
724,0.9235209188,5.22,1
723,0.9228525147,5.21,1
722,0.9217420606,5.2,1
721,0.9214647539,5.19,1
720,0.9199843026,5.18,1
719,0.9197305196,5.17,1
718,0.919549386,5.16,1
717,0.9187971938,5.15,1
716,0.9173809287,5.14,1
715,0.9160704103,5.13,1
714,0.9148884154,5.12,1
713,0.9130658243,5.11,1
712,0.9155550192,5.1,1
711,0.9159999389,5.09,1
710,0.9161814502,5.08,1
709,0.915100425,5.07,1
708,0.9148076238,5.06,1
707,0.9138573029,5.05,1
706,0.9124629883,5.04,1
705,0.9112669577,5.03,1
704,0.910140275,5.02,1
703,0.9083305584,5.01,1
702,0.9063115466,5,1
701,0.9051864861,4.99,1
700,0.9036127731,4.98,1
699,0.9029595903,4.97,1
698,0.901040886,4.96,1
697,0.9006755297,4.95,1
696,0.8986265803,4.94,1
695,0.8984991988,4.93,1
694,0.8985497028,4.92,1
693,0.9036891711,4.91,1
692,0.9016780289,4.9,1
691,0.9003135036,4.89,1
690,0.8989189291,4.88,1
689,0.8965788021,4.87,1
688,0.8947174851,4.86,1
687,0.8929652068,4.85,1
686,0.8910655631,4.84,1
685,0.9045087512,4.83,1
684,0.9103981169,4.82,1
683,0.9083859742,4.81,1
682,0.9070808746,4.8,1
681,0.9053003685,4.79,1
680,0.9032732958,4.78,1
679,0.9011343881,4.77,1
678,0.899198575,4.76,1
677,0.8968385234,4.75,1
676,0.8951855345,4.74,1
675,0.8984577183,4.73,1
674,0.8988531979,4.72,1
673,0.8969931602,4.71,1
672,0.895111734,4.7,1
671,0.8929035972,4.69,1
670,0.8945039858,4.68,1
669,0.8946883261,4.67,1
668,0.8923743899,4.66,1
667,0.8899416558,4.65,1
666,0.8882504564,4.64,1
665,0.888945773,4.63,1
664,0.8870156939,4.62,1
663,0.8860625976,4.61,1
662,0.8847911242,4.6,1
661,0.8827865961,4.59,1
660,0.8821452518,4.58,1
659,0.8798057004,4.57,1
658,0.8794164809,4.56,1
657,0.8773050658,4.55,1
656,0.8748449368,4.54,1
655,0.8721084452,4.53,1
654,0.8693313292,4.52,1
653,0.8666588207,4.51,1
652,0.8641715459,4.5,1
651,0.8639687277,4.49,1
650,0.861867841,4.48,1
649,0.8639993885,4.47,1
648,0.8614530539,4.46,1
647,0.8635730474,4.45,1
646,0.8635402119,4.44,1
645,0.8609322067,4.43,1
644,0.8585361988,4.42,1
643,0.8558824685,4.41,1
642,0.8534429473,4.4,1
641,0.8509327912,4.39,1
640,0.8481017691,4.38,1
639,0.8464569072,4.37,1
638,0.8790010056,4.36,1
637,0.8774136886,4.35,1
636,0.8751092364,4.34,1
635,0.8726254411,4.33,1
634,0.8702883047,4.32,1
633,0.8678157811,4.31,1
632,0.8653175646,4.3,1
631,0.8629088994,4.29,1
630,0.8604973904,4.28,1
629,0.8587469141,4.27,1
628,0.8573038912,4.26,1
627,0.8554357888,4.25,1
626,0.8545682026,4.24,1
625,0.8519972103,4.23,1
624,0.8586212843,4.22,1
623,0.8653756056,4.21,1
622,0.8628899247,4.2,1
621,0.8602138161,4.19,1
620,0.8580046426,4.18,1
619,0.8555226571,4.17,1
618,0.8530327715,4.16,1
617,0.8503775576,4.15,1
616,0.8475576456,4.14,1
615,0.8459235283,4.13,1
614,0.8439151446,4.12,1
613,0.8590247286,4.11,1
612,0.8576583284,4.1,1
611,0.8552497129,4.09,1
610,0.8523733357,4.08,1
609,0.8493778124,4.07,1
608,0.8463611087,4.06,1
607,0.843182322,4.05,1
606,0.8401624215,4.04,1
605,0.8495491745,4.03,1
604,0.8525749418,4.02,1
603,0.8525435005,4.01,1
602,0.8594467032,4,1
601,0.8563967415,3.99,1
600,0.8596672276,3.98,1
599,0.8700041404,3.97,1
598,0.8674203023,3.96,1
597,0.8668791645,3.95,1
596,0.8680244254,3.94,1
595,0.8750254925,3.93,1
594,0.8748875351,3.92,1
593,0.8730992469,3.91,1
592,0.8704436212,3.9,1
591,0.8692057089,3.89,1
590,0.8666661119,3.88,1
589,0.8642578195,3.87,1
588,0.8633426494,3.86,1
587,0.8611873368,3.85,1
586,0.8588878093,3.84,1
585,0.8563505041,3.83,1
584,0.8539088471,3.82,1
583,0.8511450443,3.81,1
582,0.8511345918,3.8,1
581,0.8497571878,3.79,1
580,0.8475029974,3.78,1
579,0.8448454989,3.77,1
578,0.8424160898,3.76,1
577,0.862192886,3.75,1
576,0.8595497137,3.74,1
575,0.8578420076,3.73,1
574,0.855403632,3.72,1
573,0.853823816,3.71,1
572,0.8511469206,3.7,1
571,0.8490688945,3.69,1
570,0.8463196823,3.68,1
569,0.8443438751,3.67,1
568,0.8665274865,3.66,1
567,0.8655497006,3.65,1
566,0.8651038589,3.64,1
565,0.8628831716,3.63,1
564,0.8618915754,3.62,1
563,0.8595079693,3.61,1
562,0.8576870479,3.6,1
561,0.8587697261,3.59,1
560,0.8602648617,3.58,1
559,0.8656568904,3.57,1
558,0.8672179566,3.56,1
557,0.8652638678,3.55,1
556,0.8761330127,3.54,1
555,0.8740145077,3.53,1
554,0.8835176511,3.52,1
553,0.8840245421,3.51,1
552,0.8817453341,3.5,1
551,0.8806823346,3.49,1
550,0.878877253,3.48,1
549,0.8782855103,3.47,1
548,0.875990983,3.46,1
547,0.8743731795,3.45,1
546,0.8724633847,3.44,1
545,0.8718849763,3.43,1
544,0.8723989332,3.42,1
543,0.8708083344,3.41,1
542,0.8685653446,3.4,1
541,0.8662895511,3.39,1
540,0.8671642788,3.38,1
539,0.8652741822,3.37,1
538,0.8629255797,3.36,1
537,0.8610779206,3.35,1
536,0.8618373661,3.34,1
535,0.8596944182,3.33,1
534,0.8579543421,3.32,1
533,0.8567575519,3.31,1
532,0.8549885176,3.3,1
531,0.8664751293,3.29,1
530,0.8651284794,3.28,1
529,0.863599342,3.27,1
528,0.862775066,3.26,1
527,0.8609208349,3.25,1
526,0.8609270678,3.24,1
525,0.8589548861,3.23,1
524,0.8566684541,3.22,1
523,0.8554608662,3.21,1
522,0.8742199049,3.2,1
521,0.8794448458,3.19,1
520,0.8801100612,3.18,1
519,0.87880893,3.17,1
518,0.8766701771,3.16,1
517,0.8746340523,3.15,1
516,0.872591696,3.14,1
515,0.8707477989,3.13,1
514,0.8750033254,3.12,1
513,0.8853559552,3.11,1
512,0.8840600262,3.1,1
511,0.8820096679,3.09,1
510,0.8940831542,3.08,1
509,0.896943942,3.07,1
508,0.8960615622,3.06,1
507,0.9114406078,3.05,1
506,0.9106431386,3.04,1
505,0.9094228808,3.03,1
504,0.9075729126,3.02,1
503,0.9058934269,3.01,1
502,0.9130846293,3,1
501,0.9181067891,2.99,1
500,0.9164204182,2.98,1
499,0.9169466087,2.97,1
498,0.9163600464,2.96,1
497,0.9151060521,2.95,1
496,0.9132905545,2.94,1
495,0.9116777717,2.93,1
494,0.9099726866,2.92,1
493,0.9086337606,2.91,1
492,0.9076290291,2.9,1
491,0.9059294478,2.89,1
490,0.9043008856,2.88,1
489,0.9072759487,2.87,1
488,0.9064617302,2.86,1
487,0.9048086914,2.85,1
486,0.9032872439,2.84,1
485,0.9042073031,2.83,1
484,0.9050771784,2.82,1
483,0.9032264222,2.81,1
482,0.902400185,2.8,1
481,0.9004472754,2.79,1
480,0.900459789,2.78,1
479,0.9022034477,2.77,1
478,0.90710936,2.76,1
477,0.9072766478,2.75,1
476,0.9054553289,2.74,1
475,0.9043728548,2.73,1
474,0.908718237,2.72,1
473,0.9082414644,2.71,1
472,0.9070878146,2.7,1
471,0.9056445145,2.69,1
470,0.9042001712,2.68,1
469,0.9025855425,2.67,1
468,0.9046605601,2.66,1
467,0.9029386381,2.65,1
466,0.9012659334,2.64,1
465,0.8997304399,2.63,1
464,0.8980661601,2.62,1
463,0.8970560316,2.61,1
462,0.8950595727,2.6,1
461,0.8989281072,2.59,1
460,0.9035858998,2.58,1
459,0.9016874669,2.57,1
458,0.9042731613,2.56,1
457,0.9023325723,2.55,1
456,0.9051588485,2.54,1
455,0.9036454498,2.53,1
454,0.9021711816,2.52,1
453,0.9036383155,2.51,1
452,0.904968631,2.5,1
451,0.903315318,2.49,1
450,0.9020453158,2.48,1
449,0.9018852158,2.47,1
448,0.8999856711,2.46,1
447,0.8984375647,2.45,1
446,0.8967466513,2.44,1
445,0.8950119596,2.43,1
444,0.8967187033,2.42,1
443,0.8949405186,2.41,1
442,0.8931026978,2.4,1
441,0.8917790861,2.39,1
440,0.8902617288,2.38,1
439,0.8983251285,2.37,1
438,0.8977553179,2.36,1
437,0.8957605958,2.35,1
436,0.8939440343,2.34,1
435,0.8926621871,2.33,1
434,0.8917765928,2.32,1
433,0.8903805286,2.31,1
432,0.8887649873,2.3,1
431,0.8925943664,2.29,1
430,0.891860875,2.28,1
429,0.9009078168,2.27,1
428,0.9002393166,2.26,1
427,0.898731197,2.25,1
426,0.8968180552,2.24,1
425,0.8956236094,2.23,1
424,0.8946035485,2.22,1
423,0.8940750739,2.21,1
422,0.8927074017,2.2,1
421,0.8909714164,2.19,1
420,0.8904901646,2.18,1
419,0.9054923312,2.17,1
418,0.9039861547,2.16,1
417,0.9034833398,2.15,1
416,0.9018132315,2.14,1
415,0.9010603531,2.13,1
414,0.8996411571,2.12,1
413,0.8990622773,2.11,1
412,0.8980507622,2.1,1
411,0.9065668605,2.09,1
410,0.9058454963,2.08,1
409,0.9055919925,2.07,1
408,0.9082010228,2.06,1
407,0.9091860415,2.05,1
406,0.9074075844,2.04,1
405,0.905692865,2.03,1
404,0.906248825,2.02,1
403,0.9047243572,2.01,1
402,0.9029404805,2,1
401,0.9011977926,1.99,1
400,0.8994920903,1.98,1
399,0.898355174,1.97,1
398,0.8994194136,1.96,1
397,0.9029248183,1.95,1
396,0.9015762164,1.94,1
395,0.9011973788,1.93,1
394,0.8995299426,1.92,1
393,0.9086135921,1.91,1
392,0.9102107471,1.9,1
391,0.9085241619,1.89,1
390,0.9068199629,1.88,1
389,0.9069200034,1.87,1
388,0.9059169435,1.86,1
387,0.904213513,1.85,1
386,0.9057896019,1.84,1
385,0.9097270431,1.83,1
384,0.9136114119,1.82,1
383,0.9129099976,1.81,1
382,0.9121674092,1.8,1
381,0.9106123642,1.79,1
380,0.9095993908,1.78,1
379,0.9079902464,1.77,1
378,0.9062864674,1.76,1
377,0.9051280515,1.75,1
376,0.9113293929,1.74,1
375,0.9120781433,1.73,1
374,0.9111120546,1.72,1
373,0.9099394668,1.71,1
372,0.9083329006,1.7,1
371,0.9069395018,1.69,1
370,0.9054567563,1.68,1
369,0.9044262783,1.67,1
368,0.9026355637,1.66,1
367,0.9025498344,1.65,1
366,0.9007292345,1.64,1
365,0.8989010781,1.63,1
364,0.9043598436,1.62,1
363,0.9262226259,1.61,1
362,0.9249240628,1.6,1
361,0.9235594391,1.59,1
360,0.9222956007,1.58,1
359,0.9206593463,1.57,1
358,0.9190792134,1.56,1
357,0.9178227156,1.55,1
356,0.9179380489,1.54,1
355,0.9168214429,1.53,1
354,0.9156500706,1.52,1
353,0.9138323894,1.51,1
352,0.9132136966,1.5,1
351,0.9155840856,1.49,1
350,0.9145886984,1.48,1
349,0.9127662083,1.47,1
348,0.9109284979,1.46,1
347,0.9091918405,1.45,1
346,0.9072863398,1.44,1
345,0.9060030225,1.43,1
344,0.9088370743,1.42,1
343,0.9204963769,1.41,1
342,0.918909451,1.4,1
341,0.9175406269,1.39,1
340,0.9158151088,1.38,1
339,0.914729686,1.37,1
338,0.9152466176,1.36,1
337,0.914423059,1.35,1
336,0.9126774679,1.34,1
335,0.9111338873,1.33,1
334,0.9094260468,1.32,1
333,0.9151690911,1.31,1
332,0.9136512562,1.3,1
331,0.9123330285,1.29,1
330,0.9114430779,1.28,1
329,0.9098028037,1.27,1
328,0.9085688772,1.26,1
327,0.9103937858,1.25,1
326,0.90869166,1.24,1
325,0.9074848262,1.23,1
324,0.9078816836,1.22,1
323,0.9058613728,1.21,1
322,0.906975628,1.2,1
321,0.9050181338,1.19,1
320,0.9029719734,1.18,1
319,0.9094220008,1.17,1
318,0.920435019,1.16,1
317,0.9185597508,1.15,1
316,0.9172202091,1.14,1
315,0.9157972491,1.13,1
314,0.9149272597,1.12,1
313,0.9131438093,1.11,1
312,0.9112589261,1.1,1
311,0.9093657873,1.09,1
310,0.9074664694,1.08,1
309,0.9063033701,1.07,1
308,0.9091747743,1.06,1
307,0.9090382094,1.05,1
306,0.9076816331,1.04,1
305,0.9057337695,1.03,1
304,0.9077737021,1.02,1
303,0.9064419455,1.01,1
302,0.904605682,1,1
301,0.9028097636,0.99,1
300,0.9011993803,0.98,1
299,0.8999352556,0.97,1
298,0.8987084535,0.96,1
297,0.8978165296,0.95,1
296,0.8991228933,0.94,1
295,0.9013063803,0.93,1
294,0.9027962588,0.92,1
293,0.9017241022,0.91,1
292,0.9000078863,0.9,1
291,0.8989862418,0.89,1
290,0.8972303672,0.88,1
289,0.8954121518,0.87,1
288,0.8937432519,0.86,1
287,0.8918848587,0.85,1
286,0.8902487338,0.84,1
285,0.8886607946,0.83,1
284,0.8984874295,0.82,1
283,0.898227727,0.81,1
282,0.8977006536,0.8,1
281,0.8967240932,0.79,1
280,0.8952382004,0.78,1
279,0.8954390538,0.77,1
278,0.8942493923,0.76,1
277,0.8952711656,0.75,1
276,0.8938732901,0.74,1
275,0.8946577911,0.73,1
274,0.8936333163,0.72,1
273,0.8929999087,0.71,1
272,0.8913535904,0.7,1
271,0.8908982349,0.69,1
270,0.8955021694,0.68,1
269,0.9018996361,0.67,1
268,0.9004443482,0.66,1
267,0.8989547286,0.65,1
266,0.9008399043,0.64,1
265,0.8994602514,0.63,1
264,0.8980113027,0.62,1
263,0.8963736771,0.61,1
262,0.894900521,0.6,1
261,0.8940588521,0.59,1
260,0.900578979,0.58,1
259,0.9012579934,0.57,1
258,0.9034234257,0.56,1
257,0.9053354541,0.55,1
256,0.9040770526,0.54,1
255,0.9207888496,0.53,1
254,0.9193540065,0.52,1
253,0.9181944559,0.51,1
252,0.9176550073,0.5,1
251,0.9178071705,0.49,1
250,0.9159011984,0.48,1
249,0.9154265365,0.47,1
248,0.9133961837,0.46,1
247,0.9118589032,0.45,1
246,0.9140785219,0.44,1
245,0.9194646122,0.43,1
244,0.9185727384,0.42,1
243,0.9166588968,0.41,1
242,0.9148082846,0.4,1
241,0.9126649806,0.39,1
240,0.9100679606,0.38,1
239,0.9072850511,0.37,1
238,0.9045000566,0.36,1
237,0.9013881894,0.35,1
236,0.9010859103,0.34,1
235,0.8978114743,0.33,1
234,0.8993217732,0.32,1
233,0.8964909303,0.31,1
232,0.893130439,0.3,1
231,0.8902282896,0.29,1
230,0.8872865867,0.28,1
229,0.8859890929,0.27,1
228,0.88186945,0.26,1
227,0.8916177621,0.25,1
226,0.8875946955,0.24,1
225,0.8994694697,0.23,1
224,0.9001192298,0.22,1
223,0.8954621047,0.21,1
222,0.8907396823,0.2,1
221,0.8873276686,0.19,1
220,0.8867913197,0.18,1
219,0.8833337268,0.17,1
218,0.8782622176,0.16,1
217,0.8738171555,0.15,1
216,0.8696828934,0.14,1
215,0.8643253768,0.13,1
214,0.8588410331,0.12,1
213,0.8539200934,0.11,1
212,0.8488694982,0.1,1
211,0.8439010003,0.09,1
210,0.8410457675,0.08,1
209,0.8357878479,0.07,1
208,0.8297378689,0.06,1
207,0.823361951,0.05,1
206,0.818850146,0.04,1
205,0.8147589881,0.03,1
204,0.8087198874,0.02,1
203,0.8016348829,0.01,1
202,0.7965863853,0,0
201,0.7915429266,0,0
200,0.7848869176,0,0
199,0.7778712794,0,0
198,0.7718181801,0,0
197,0.76399964,0,0
196,0.7559991873,0,0
195,0.7482014403,0,0
194,0.7403582254,0,0
193,0.7324650379,0,0
192,0.7261561251,0,0
191,0.7185193848,0,0
190,0.7107668793,0,0
189,0.7022462093,0,0
188,0.6935957267,0,0
187,0.6849026445,0,0
186,0.6761220216,0,0
185,0.6669675487,0,0
184,0.6576365101,0,0
183,0.6486789703,0,0
182,0.6391565754,0,0
181,0.630996169,0,0
180,0.6212493998,0,0
179,0.6114527761,0,0
178,0.6015318889,0,0
177,0.5945601722,0,0
176,0.5847038325,0,0
175,0.5746028862,0,0
174,0.5654612188,0,0
173,0.5557677233,0,0
172,0.5471159119,0,0
171,0.5369127919,0,0
170,0.5273466594,0,0
169,0.5168445812,0,0
168,0.5061403683,0,0
167,0.4998177676,0,0
166,0.4892086842,0,0
165,0.4797989777,0,0
164,0.4691083776,0,0
163,0.4608295527,0,0
162,0.44894364,0,0
161,0.4374741064,0,0
160,0.4250670798,0,0
159,0.4136926715,0,0
158,0.4067164918,0,0
157,0.4006397124,0,0
156,0.4005985674,0,0
155,0.3893442823,0,0
154,0.380033542,0,0
153,0.3707430391,0,0
152,0.363561233,0,0
151,0.3513224553,0,0
150,0.3720070355,0,0
149,0.3741908563,0,0
148,0.3679233118,0,0
147,0.361381407,0,0
146,0.3497130841,0,0
145,0.3430942102,0,0
144,0.336438646,0,0
143,0.3264070754,0,0
142,0.3230886215,0,0
141,0.3233804319,0,0
140,0.3414817906,0,0
139,0.3322464395,0,0
138,0.3599042945,0,0
137,0.3553244894,0,0
136,0.3467070359,0,0
135,0.3358128304,0,0
134,0.3424279935,0,0
133,0.334755286,0,0
132,0.3573748934,0,0
131,0.3459178604,0,0
130,0.337702331,0,0
129,0.3252360612,0,0
128,0.3507373599,0,0
127,0.3506466155,0,0
126,0.3441389734,0,0
125,0.35606722,0,0
124,0.3455395289,0,0
123,0.3718301108,0,0
122,0.3659129813,0,0
121,0.37568931,0,0
120,0.3754369126,0,0
119,0.3748239831,0,0
118,0.3637205405,0,0
117,0.3556660778,0,0
116,0.3509813453,0,0
115,0.3691249742,0,0
114,0.3616421326,0,0
113,0.3512322798,0,0
112,0.3708954594,0,0
111,0.3786994542,0,0
110,0.3746290747,0,0
109,0.3697900157,0,0
108,0.380439594,0,0
107,0.3819084589,0,0
106,0.3970658052,0,0
105,0.3880636893,0,0
104,0.4161715653,0,0
103,0.4098816996,0,0
102,0.418694275,0,0
101,0.439562081,0,0
100,0.4352644995,0,0
99,0.4296617271,0,0
98,0.4327517999,0,0
97,0.4276476393,0,0
96,0.4341446131,0,0
95,0.4294695937,0,0
94,0.4220717192,0,0
93,0.4175441107,0,0
92,0.406275898,0,0
91,0.3975059886,0,0
90,0.4229743937,0,0
89,0.4227119078,0,0
88,0.4113518102,0,0
87,0.4149601637,0,0
86,0.4352708887,0,0
85,0.4425215211,0,0
84,0.4356553072,0,0
83,0.4386413295,0,0
82,0.434405833,0,0
81,0.4474403551,0,0
80,0.4360836629,0,0
79,0.4256300183,0,0
78,0.4197655846,0,0
77,0.4197610649,0,0
76,0.4074296132,0,0
75,0.4243523336,0,0
74,0.4216275609,0,0
73,0.4095400473,0,0
72,0.396674884,0,0
71,0.4093111605,0,0
70,0.3972119153,0,0
69,0.403368086,0,0
68,0.4028464858,0,0
67,0.395657621,0,0
66,0.3879673453,0,0
65,0.3799348486,0,0
64,0.4059852657,0,0
63,0.4143486321,0,0
62,0.4352087931,0,0
61,0.4378587607,0,0
60,0.4606946426,0,0
59,0.4511349694,0,0
58,0.4482578941,0,0
57,0.4538579586,0,0
56,0.4414106667,0,0
55,0.4400735559,0,0
54,0.4270182707,0,0
53,0.4173753999,0,0
52,0.4149126407,0,0
51,0.4197793383,0,0
50,0.4086722747,0,0
49,0.397400905,0,0
48,0.3908435692,0,0
47,0.3787080417,0,0
46,0.3754168922,0,0
45,0.3608779004,0,0
44,0.3498262906,0,0
43,0.337895409,0,0
42,0.3253041346,0,0
41,0.3108029309,0,0
40,0.2973319503,0,0
39,0.2962216284,0,0
38,0.280342806,0,0
37,0.3012869426,0,0
36,0.3045844649,0,0
35,0.28871114,0,0
34,0.3068346629,0,0
33,0.3248435265,0,0
32,0.3093463994,0,0
31,0.2955308137,0,0
30,0.2967864369,0,0
29,0.2847564009,0,0
28,0.2699424842,0,0
27,0.2929000148,0,0
26,0.3104710545,0,0
25,0.3065976654,0,0
24,0.2901098292,0,0
23,0.2743215234,0,0
22,0.2598934771,0,0
21,0.2483204877,0,0
20,0.2310952102,0,0
19,0.2337596653,0,0
18,0.2536883336,0,0
17,0.2364376982,0,0
16,0.2201223555,0,0
15,0.2074623501,0,0
14,0.1896781381,0,0
13,0.1718272875,0,0
12,0.1609927076,0,0
11,0.1426884535,0,0
10,0.1334947998,0,0
9,0.1152613001,0,0
8,0.09645886034,0,0
7,0.08089149916,0,0
6,0.06172701091,0,0
5,0.06794571086,0,0
4,0.04863846229,0,0
3,0.03171499819,0,0
2,0.02096532643,0,0
1,0.009977544079,0,0
0,0.0198019802,0,0